-- MySQL Script generated by MySQL Workbench
-- 11/23/16 00:21:04
-- Model: New Model    Version: 1.0
-- MySQL Workbench Forward Engineering

SET @OLD_UNIQUE_CHECKS=@@UNIQUE_CHECKS, UNIQUE_CHECKS=0;
SET @OLD_FOREIGN_KEY_CHECKS=@@FOREIGN_KEY_CHECKS, FOREIGN_KEY_CHECKS=0;
SET @OLD_SQL_MODE=@@SQL_MODE, SQL_MODE='TRADITIONAL,ALLOW_INVALID_DATES';

-- -----------------------------------------------------
-- Schema EasyGoDB
-- -----------------------------------------------------

-- -----------------------------------------------------
-- Schema EasyGoDB
-- -----------------------------------------------------
CREATE SCHEMA IF NOT EXISTS `EasyGoDB` DEFAULT CHARACTER SET utf8 ;
USE `EasyGoDB` ;

-- -----------------------------------------------------
-- Table `EasyGoDB`.`users`
-- -----------------------------------------------------
CREATE TABLE IF NOT EXISTS `EasyGoDB`.`users` (
  `id` INT NOT NULL,
  `login` VARCHAR(45) NOT NULL,
  `password` VARCHAR(45) NOT NULL,
  `email` VARCHAR(45) NOT NULL,
  `status` VARCHAR(45) NULL,
  PRIMARY KEY (`id`))
ENGINE = InnoDB;


-- -----------------------------------------------------
-- Table `EasyGoDB`.`gomaps`
-- -----------------------------------------------------
CREATE TABLE IF NOT EXISTS `EasyGoDB`.`gomaps` (
  `id` INT NOT NULL,
  `creator_id` INT NOT NULL,
  `name` VARCHAR(45) NOT NULL,
  `tags` VARCHAR(45) NOT NULL,
  `data` VARCHAR(45) NOT NULL,
  `access` VARCHAR(45) NULL,
  PRIMARY KEY (`id`),
  INDEX `id_idx` (`creator_id` ASC),
  CONSTRAINT `id`
    FOREIGN KEY (`creator_id`)
    REFERENCES `EasyGoDB`.`users` (`id`)
    ON DELETE NO ACTION
    ON UPDATE NO ACTION)
ENGINE = InnoDB;


-- -----------------------------------------------------
-- Table `EasyGoDB`.`marks`
-- -----------------------------------------------------
CREATE TABLE IF NOT EXISTS `EasyGoDB`.`marks` (
  `id` INT NOT NULL,
  `x` DOUBLE NOT NULL,
  `y` DOUBLE NOT NULL,
  `name` VARCHAR(60) NOT NULL,
  `map_id` INT NOT NULL,
  `description` VARCHAR(300) NULL,
  PRIMARY KEY (`id`),
  INDEX `id_idx` (`map_id` ASC),
  CONSTRAINT `id`
    FOREIGN KEY (`map_id`)
    REFERENCES `EasyGoDB`.`gomaps` (`id`)
    ON DELETE NO ACTION
    ON UPDATE NO ACTION)
ENGINE = InnoDB;


SET SQL_MODE=@OLD_SQL_MODE;
SET FOREIGN_KEY_CHECKS=@OLD_FOREIGN_KEY_CHECKS;
SET UNIQUE_CHECKS=@OLD_UNIQUE_CHECKS;

-- -----------------------------------------------------
-- Data for table `EasyGoDB`.`users`
-- -----------------------------------------------------
START TRANSACTION;
USE `EasyGoDB`;
INSERT INTO `EasyGoDB`.`users` (`id`, `login`, `password`, `email`, `status`) VALUES (0, 'olhaR', '0506909637', 'olha.rassokha@nure.ua', NULL);
INSERT INTO `EasyGoDB`.`users` (`id`, `login`, `password`, `email`, `status`) VALUES (2, 'olehG', '1234', 'oleh.gavrish@nure.ua', 'admin');
INSERT INTO `EasyGoDB`.`users` (`id`, `login`, `password`, `email`, `status`) VALUES (1, 'aleksS', '1234', 'oleh.gavrish@nure.ua', 'admin');
INSERT INTO `EasyGoDB`.`users` (`id`, `login`, `password`, `email`, `status`) VALUES (3, 'AnnaN', '1234', 'oleh.gavrish@nure.ua', 'admin');
INSERT INTO `EasyGoDB`.`users` (`id`, `login`, `password`, `email`, `status`) VALUES (4, 'IraP', '1234', 'oleh.gavrish@nure.ua', NULL);
INSERT INTO `EasyGoDB`.`users` (`id`, `login`, `password`, `email`, `status`) VALUES (5, 'AnastasiaF', '1234', 'oleh.gavrish@nure.ua', 'admin');
INSERT INTO `EasyGoDB`.`users` (`id`, `login`, `password`, `email`, `status`) VALUES (6, 'IhorK', '1234', 'oleh.gavrish@nure.ua', NULL);

COMMIT;


-- -----------------------------------------------------
-- Data for table `EasyGoDB`.`gomaps`
-- -----------------------------------------------------
START TRANSACTION;
USE `EasyGoDB`;
INSERT INTO `EasyGoDB`.`gomaps` (`id`, `creator_id`, `name`, `tags`, `data`, `access`) VALUES (0, 0, 'ATMs', 'ATMs', 'look for this ATMs', 'for_all');
INSERT INTO `EasyGoDB`.`gomaps` (`id`, `creator_id`, `name`, `tags`, `data`, `access`) VALUES (2, 0, 'Coffee', 'Cup', 'look for this coffee', 'for_all');
INSERT INTO `EasyGoDB`.`gomaps` (`id`, `creator_id`, `name`, `tags`, `data`, `access`) VALUES (1, 2, 'WaterAutomats', 'Water', 'look for this water', 'for_me');

COMMIT;


-- -----------------------------------------------------
-- Data for table `EasyGoDB`.`marks`
-- -----------------------------------------------------
START TRANSACTION;
USE `EasyGoDB`;
INSERT INTO `EasyGoDB`.`marks` (`id`, `x`, `y`, `name`, `map_id`, `description`) VALUES (0, 21331.3, 12321.2, 'Privat', 0, 'ATM');
INSERT INTO `EasyGoDB`.`marks` (`id`, `x`, `y`, `name`, `map_id`, `description`) VALUES (1, 12321, 2342, 'GasBank', 0, 'ATMGasBank');
INSERT INTO `EasyGoDB`.`marks` (`id`, `x`, `y`, `name`, `map_id`, `description`) VALUES (2, 1233, 3453, 'UniCredit', 0, 'ATMUniCredit');
INSERT INTO `EasyGoDB`.`marks` (`id`, `x`, `y`, `name`, `map_id`, `description`) VALUES (3, 1231, 3245, 'UniCredit', 0, 'ATMUniCredit2');
INSERT INTO `EasyGoDB`.`marks` (`id`, `x`, `y`, `name`, `map_id`, `description`) VALUES (4, 74565, 3456, 'GasBank', 0, 'ATMGasBank');
INSERT INTO `EasyGoDB`.`marks` (`id`, `x`, `y`, `name`, `map_id`, `description`) VALUES (5, 2342, 2354, 'Privat', 0, 'ATMPrivat');
INSERT INTO `EasyGoDB`.`marks` (`id`, `x`, `y`, `name`, `map_id`, `description`) VALUES (6, 2524, 2342, 'Privat', 0, 'ATMPrivat');
INSERT INTO `EasyGoDB`.`marks` (`id`, `x`, `y`, `name`, `map_id`, `description`) VALUES (7, 6546, 2355, 'Privat', 0, 'ATMPrivat');
INSERT INTO `EasyGoDB`.`marks` (`id`, `x`, `y`, `name`, `map_id`, `description`) VALUES (8, 342, 23424, 'Caffka', 1, 'coff');
INSERT INTO `EasyGoDB`.`marks` (`id`, `x`, `y`, `name`, `map_id`, `description`) VALUES (9, 324, 1231, 'CupCoff', 1, 'cococogood');
INSERT INTO `EasyGoDB`.`marks` (`id`, `x`, `y`, `name`, `map_id`, `description`) VALUES (10, 12312, 1231, 'CoffeeMat', 1, 'good capuchino');
INSERT INTO `EasyGoDB`.`marks` (`id`, `x`, `y`, `name`, `map_id`, `description`) VALUES (11, 23123, 1233, 'CoffeeGo', 1, 'just try');
INSERT INTO `EasyGoDB`.`marks` (`id`, `x`, `y`, `name`, `map_id`, `description`) VALUES (12, 1231, 12312, 'Tea&Coffee', 1, NULL);
INSERT INTO `EasyGoDB`.`marks` (`id`, `x`, `y`, `name`, `map_id`, `description`) VALUES (13, 4324, 23424, 'Caffka', 1, 'caaffka2');
INSERT INTO `EasyGoDB`.`marks` (`id`, `x`, `y`, `name`, `map_id`, `description`) VALUES (14, 1231, 12312, 'Caffka', 1, 'caaffka3');
INSERT INTO `EasyGoDB`.`marks` (`id`, `x`, `y`, `name`, `map_id`, `description`) VALUES (15, 1231, 12313, 'StarBucks', 1, 'For your instagrsm');
INSERT INTO `EasyGoDB`.`marks` (`id`, `x`, `y`, `name`, `map_id`, `description`) VALUES (16, 4563, 3453, 'StarBucks', 1, 'more photos');
INSERT INTO `EasyGoDB`.`marks` (`id`, `x`, `y`, `name`, `map_id`, `description`) VALUES (17, 2341, 3242, 'CoffeeMat', 1, 'coffemat2 ');
INSERT INTO `EasyGoDB`.`marks` (`id`, `x`, `y`, `name`, `map_id`, `description`) VALUES (18, 1231, 4432, 'filin', 1, 'fill your morning');
INSERT INTO `EasyGoDB`.`marks` (`id`, `x`, `y`, `name`, `map_id`, `description`) VALUES (19, 321, 23423, 'coff3', 1, 'IT caffe');
INSERT INTO `EasyGoDB`.`marks` (`id`, `x`, `y`, `name`, `map_id`, `description`) VALUES (20, 4342, 2342, 'water', 2, NULL);
INSERT INTO `EasyGoDB`.`marks` (`id`, `x`, `y`, `name`, `map_id`, `description`) VALUES (21, 123123, 12312, 'water', 2, '73 k/l');
INSERT INTO `EasyGoDB`.`marks` (`id`, `x`, `y`, `name`, `map_id`, `description`) VALUES (22, 34232, 23424, 'water1', 2, 'allways water');
INSERT INTO `EasyGoDB`.`marks` (`id`, `x`, `y`, `name`, `map_id`, `description`) VALUES (23, 23234, 2342, '2', 2, NULL);
INSERT INTO `EasyGoDB`.`marks` (`id`, `x`, `y`, `name`, `map_id`, `description`) VALUES (24, 2342, 32423, 'water3', 2, '77 k/l');
INSERT INTO `EasyGoDB`.`marks` (`id`, `x`, `y`, `name`, `map_id`, `description`) VALUES (25, 3242, 23423, 'water4', 2, '71 k/l');
INSERT INTO `EasyGoDB`.`marks` (`id`, `x`, `y`, `name`, `map_id`, `description`) VALUES (26, 23423, 234325, 'water5', 2, '77 k/l');
INSERT INTO `EasyGoDB`.`marks` (`id`, `x`, `y`, `name`, `map_id`, `description`) VALUES (27, 234234, 23423, 'water6', 2, '70 k/l');
INSERT INTO `EasyGoDB`.`marks` (`id`, `x`, `y`, `name`, `map_id`, `description`) VALUES (28, 23434, 23423, 'water7', 2, NULL);
INSERT INTO `EasyGoDB`.`marks` (`id`, `x`, `y`, `name`, `map_id`, `description`) VALUES (29, 2342, 234323, 'water8', 2, '72 k/l');

COMMIT;

